DELETE FROM NECO.ENROLL;
DELETE FROM NECO.PROPOSAL;
DELETE FROM NECO.MATCH_SETS;
DELETE FROM NECO.NOTE;
DELETE FROM NECO.MATCHES;
DELETE FROM NECO.NOTIFICATION;
DELETE FROM NECO.POSIBLE_PLACES;
DELETE FROM NECO.USERS;
DELETE FROM NECO.LEAGUE;
DELETE FROM NECO.PLACE;

--USERS heslo je pass
INSERT INTO NECO.USERS (ID, TYPE, PASSWORD, USERNAME) 
	VALUES (1, 'admin', '9d4e1e23bd5b727046a9e3b4b7db57bd8d6ee684', 'admin');
INSERT INTO NECO.USERS (ID, TYPE, PASSWORD, USERNAME, NAME, SURNAME) 
	VALUES (2, 'player', '9d4e1e23bd5b727046a9e3b4b7db57bd8d6ee684', 'zdenek', 'Zdenek', 'Svaton');
INSERT INTO NECO.USERS (ID, TYPE, PASSWORD, USERNAME, NAME, SURNAME) 
	VALUES (3, 'player', '9d4e1e23bd5b727046a9e3b4b7db57bd8d6ee684', 'honza', 'Jan', 'Stepanek');
INSERT INTO NECO.USERS (ID, TYPE, PASSWORD, USERNAME, NAME, SURNAME) 
	VALUES (4, 'player', '9d4e1e23bd5b727046a9e3b4b7db57bd8d6ee684', 'hrac1', 'Pavel', 'Prvni');
INSERT INTO NECO.USERS (ID, TYPE, PASSWORD, USERNAME, NAME, SURNAME) 
	VALUES (5, 'player', '9d4e1e23bd5b727046a9e3b4b7db57bd8d6ee684', 'hrac2', 'Radek', 'Brzobohaty');
INSERT INTO NECO.USERS (ID, TYPE, PASSWORD, USERNAME, NAME, SURNAME) 
	VALUES (6, 'player', '9d4e1e23bd5b727046a9e3b4b7db57bd8d6ee684', 'hrac3', 'Jirina', 'Karaskova');
INSERT INTO NECO.USERS (ID, TYPE, PASSWORD, USERNAME, NAME, SURNAME) 
	VALUES (7, 'player', '9d4e1e23bd5b727046a9e3b4b7db57bd8d6ee684', 'hrac4', 'Alena', 'Nova');
INSERT INTO NECO.USERS (ID, TYPE, PASSWORD, USERNAME, NAME, SURNAME) 
	VALUES (8, 'player', '9d4e1e23bd5b727046a9e3b4b7db57bd8d6ee684', 'hrac5', 'Jiri', 'Novotny');

--PLACES
INSERT INTO NECO.PLACE (ID, ADRESS, "NAME") 
	VALUES (3, 'asd', 'asd');
INSERT INTO NECO.PLACE (ID, ADRESS, "NAME") 
	VALUES (2, 'Brno, Lidická 6', 'U nohy');
INSERT INTO NECO.PLACE (ID, ADRESS, "NAME") 
	VALUES (1, 'Na pankráci 88, Praha', 'Sokol pankrác');
INSERT INTO NECO.PLACE (ID, ADRESS, "NAME") 
	VALUES (4, 'Paloukova, Brno 3', 'Na palouku');
INSERT INTO NECO.PLACE (ID, ADRESS, "NAME") 
	VALUES (5, 'Smíchov praha 5', 'Cibulka');

--LEAGUES
INSERT INTO NECO.LEAGUE (ID, LEAGUEEND, LEAGUESTART, "NAME") 
	VALUES (1, '2014-1-10', '2014-1-15', 'Vanocni bedas');
INSERT INTO NECO.LEAGUE (ID, LEAGUEEND, LEAGUESTART, "NAME") 
	VALUES (2, NULL, '2013-12-30', 'TURNAJ A');
INSERT INTO NECO.LEAGUE (ID, LEAGUEEND, LEAGUESTART, "NAME") 
	VALUES (3, NULL, '2013-12-30', 'TURNAJ B');
INSERT INTO NECO.LEAGUE (ID, LEAGUEEND, LEAGUESTART, "NAME") 
	VALUES (4, NULL, '2014-01-03', 'Praha Becko');

--POSSIBLE_PLACES
INSERT INTO POSIBLE_PLACES (LEAGUE_ID, ALLOWEDPLACES_ID)
        VALUES (1, 5);
INSERT INTO POSIBLE_PLACES (LEAGUE_ID, ALLOWEDPLACES_ID)
        VALUES (1, 3);
INSERT INTO POSIBLE_PLACES (LEAGUE_ID, ALLOWEDPLACES_ID)
        VALUES (2, 2);
INSERT INTO POSIBLE_PLACES (LEAGUE_ID, ALLOWEDPLACES_ID)
        VALUES (2, 4);
INSERT INTO POSIBLE_PLACES (LEAGUE_ID, ALLOWEDPLACES_ID)
        VALUES (3, 1);
INSERT INTO POSIBLE_PLACES (LEAGUE_ID, ALLOWEDPLACES_ID)
        VALUES (4, 1);

--ENROLLES
INSERT INTO NECO.ENROLL (ID, PAID, LEAGUE_ID, PLAYER_ID) 
	VALUES (1, NULL, 1, 2);
INSERT INTO NECO.ENROLL (ID, PAID, LEAGUE_ID, PLAYER_ID) 
	VALUES (2, NULL, 1, 3);

INSERT INTO NECO.ENROLL (ID, PAID, LEAGUE_ID, PLAYER_ID) 
	VALUES (3, NULL, 4, 4);
INSERT INTO NECO.ENROLL (ID, PAID, LEAGUE_ID, PLAYER_ID) 
	VALUES (4, NULL, 4, 5);
INSERT INTO NECO.ENROLL (ID, PAID, LEAGUE_ID, PLAYER_ID) 
	VALUES (5, NULL, 4, 6);

--MATCHES
INSERT INTO NECO.MATCHES (ID, LEAGUE_ID) 
	VALUES (1, 1);
INSERT INTO NECO.MATCHES (ID, LEAGUE_ID) 
	VALUES (2, 1);

INSERT INTO NECO.MATCHES (ID, LEAGUE_ID) 
	VALUES (3, 4);
INSERT INTO NECO.MATCHES (ID, LEAGUE_ID) 
	VALUES (4, 4);
INSERT INTO NECO.MATCHES (ID, LEAGUE_ID) 
	VALUES (5, 4);
INSERT INTO NECO.MATCHES (ID, LEAGUE_ID) 
	VALUES (6, 4);
INSERT INTO NECO.MATCHES (ID, LEAGUE_ID) 
	VALUES (7, 4);
INSERT INTO NECO.MATCHES (ID, LEAGUE_ID) 
	VALUES (8, 4);

--PROPOSALS
INSERT INTO NECO.PROPOSAL (ID, MATCHAGREED, MATCHPLAYED, PROPDATE, MATCH_ID, PLACE_ID, PLAYER_ID) 
	VALUES (1, 0, 0, '2014-01-11', 2, 5, 2);

INSERT INTO NECO.PROPOSAL (ID, MATCHAGREED, MATCHPLAYED, PROPDATE, MATCH_ID, PLACE_ID, PLAYER_ID) 
	VALUES (2, 1, 1, '2014-01-11', 3, 1, 4);
INSERT INTO NECO.PROPOSAL (ID, MATCHAGREED, MATCHPLAYED, PROPDATE, MATCH_ID, PLACE_ID, PLAYER_ID) 
	VALUES (3, 1, 1, '2014-01-11', 4, 1, 4);
INSERT INTO NECO.PROPOSAL (ID, MATCHAGREED, MATCHPLAYED, PROPDATE, MATCH_ID, PLACE_ID, PLAYER_ID) 
	VALUES (4, 1, 1, '2014-01-11', 5, 1, 4);
INSERT INTO NECO.PROPOSAL (ID, MATCHAGREED, MATCHPLAYED, PROPDATE, MATCH_ID, PLACE_ID, PLAYER_ID) 
	VALUES (5, 1, 1, '2014-01-11', 6, 1, 4);
INSERT INTO NECO.PROPOSAL (ID, MATCHAGREED, MATCHPLAYED, PROPDATE, MATCH_ID, PLACE_ID, PLAYER_ID) 
	VALUES (6, 1, 1, '2014-01-11', 7, 1, 4);
INSERT INTO NECO.PROPOSAL (ID, MATCHAGREED, MATCHPLAYED, PROPDATE, MATCH_ID, PLACE_ID, PLAYER_ID) 
	VALUES (7, 1, 1, '2014-01-11', 8, 1, 5);

--NOTES
INSERT INTO NECO.NOTE (NUMBER, SCORE, MATCH_ID, PLAYER_ID) 
	VALUES (1, 0, 1, 2);
INSERT INTO NECO.NOTE (NUMBER, SCORE, MATCH_ID, PLAYER_ID) 
	VALUES (2, 0, 1, 3);
INSERT INTO NECO.NOTE (NUMBER, SCORE, MATCH_ID, PLAYER_ID) 
	VALUES (1, 0, 2, 2);
INSERT INTO NECO.NOTE (NUMBER, SCORE, MATCH_ID, PLAYER_ID) 
	VALUES (2, 0, 2, 3);

INSERT INTO NECO.NOTE (ID, NUMBER, SCORE, MATCH_ID, PLAYER_ID) 
	VALUES (1, 1, 0, 3, 4);
INSERT INTO NECO.NOTE (ID, NUMBER, SCORE, MATCH_ID, PLAYER_ID) 
	VALUES (2, 2, 0, 3, 5);
INSERT INTO NECO.NOTE (ID, NUMBER, SCORE, MATCH_ID, PLAYER_ID) 
	VALUES (3, 1, 0, 4, 4);
INSERT INTO NECO.NOTE (ID, NUMBER, SCORE, MATCH_ID, PLAYER_ID) 
	VALUES (4, 2, 0, 4, 5);
INSERT INTO NECO.NOTE (ID, NUMBER, SCORE, MATCH_ID, PLAYER_ID) 
	VALUES (5, 1, 0, 5, 4);
INSERT INTO NECO.NOTE (ID, NUMBER, SCORE, MATCH_ID, PLAYER_ID) 
	VALUES (6, 2, 0, 5, 6);
INSERT INTO NECO.NOTE (ID, NUMBER, SCORE, MATCH_ID, PLAYER_ID) 
	VALUES (7, 1, 0, 6, 4);
INSERT INTO NECO.NOTE (ID, NUMBER, SCORE, MATCH_ID, PLAYER_ID) 
	VALUES (8, 2, 0, 6, 6);
INSERT INTO NECO.NOTE (ID, NUMBER, SCORE, MATCH_ID, PLAYER_ID) 
	VALUES (9, 1, 0, 7, 5);
INSERT INTO NECO.NOTE (ID, NUMBER, SCORE, MATCH_ID, PLAYER_ID) 
	VALUES (10, 2, 0, 7, 6);
INSERT INTO NECO.NOTE (ID, NUMBER, SCORE, MATCH_ID, PLAYER_ID) 
	VALUES (11, 1, 0, 8, 5);
INSERT INTO NECO.NOTE (ID, NUMBER, SCORE, MATCH_ID, PLAYER_ID) 
	VALUES (12, 2, 0, 8, 6);

-- SETS
INSERT INTO NECO.MATCH_SETS (ID, "NUMBER", SCORE, NOTE_ID) 
	VALUES (1, 1, 5, 11);
INSERT INTO NECO.MATCH_SETS (ID, "NUMBER", SCORE, NOTE_ID) 
	VALUES (2, 1, 7, 12);


